startYear,startMonth,startDay,startTime,endYear,endMonth,endDay,endTime,displayDate,headline,text,mediaUrl,mediaCredit,mediaCaption,mediaThumbail,type,group,backgroundUrl,backgroundColor
,,,,,,,,,The History of Pintxos in Basque Gastronomy,"<p class=""lead"">In this timeline, we’ll walk you through the history of pintxos in Basque Gastronomy.</p>",,,,,title,,,
1800,1,,,1850,,,,,Origin of Pintxos,"During the early 19th century, in the Basque Country of northern Spain, pintxos began to emerge as humble bar snacks designed to accompany drinks such as txakoli (a lightly sparkling white wine), local cider, or red wine. While they were not yet called “pintxos” in a formal sense, the concept of placing small portions of food—like anchovies, olives, cured meats, or peppers—on a slice of bread and securing it with a toothpick or skewer was already taking shape.

The word “pintxo” derives from the Basque adaptation of the Spanish word “pincho”, meaning ""spike"" or ""skewer"", a reference to the toothpick traditionally used to hold the ingredients together. These early snacks were practical in nature—easy to eat while standing at a bar—and reflected the rustic, seasonal ingredients of the region.

At this point, pintxos were not yet a culinary trend or an artistic endeavor, but rather a convenient, communal, and informal way to share food while socializing in local taverns. The practice laid the cultural foundation for what would later evolve into a celebrated culinary art form deeply tied to Basque identity and hospitality.

",https://upload.wikimedia.org/wikipedia/commons/1/1b/Pintxos_in_San_Sebastian.jpg,Wikimedia Commons,Traditional pintxos on skewers,,,,,
1850,1,,,1880,,,,,Pintxos Become Bar Staples,"Between 1850 and 1880, the Basque Country saw significant cultural and social development, especially in its urban centers like San Sebastián, Bilbao, and Vitoria-Gasteiz. As taverns and bars became central to daily life, especially for workers and fishermen returning from long hours, the tradition of serving small snacks alongside drinks began to solidify. These bites—often placed on slices of bread and skewered with a toothpick—offered sustenance and encouraged lingering conversation.

Pintxos evolved during this period into more than just something to eat—they became a social catalyst, encouraging people to gather, talk, and share. Bar owners began to take pride in offering a variety of these small snacks to attract patrons, creating a local culture of bar-hopping (known later as txikiteo in Basque), where people would go from one establishment to another, trying different pintxos and drinks at each stop.

This era marked the beginning of culinary competition between bars, as establishments tried to outdo one another with more flavorful or creative offerings, even though the ingredients remained fairly simple—anchovies, pickled peppers, olives, cured ham, and cheeses were common staples. The idea of variety and informality became essential aspects of the pintxo tradition, deeply embedding it in Basque social life.

By the end of this period, pintxos were no longer just something offered at the bar—they were becoming a defining element of the Basque bar experience, laying the groundwork for their transformation into a celebrated regional cuisine.",https://upload.wikimedia.org/wikipedia/commons/4/4f/San_Sebastian_pintxos_bar.jpg,Wikimedia Commons,Pintxos bar in San Sebastián,,,,,
1880,1,,,1920,,,,,Expansion of Varieties,"Between 1880 and 1920, the Basque Country underwent changes influenced by urbanization, improved trade routes, and a growing appreciation for local ingredients. As the region’s markets became more diverse and accessible, the variety of ingredients used in pintxos began to expand significantly. While early pintxos had been fairly minimal—often just preserved items on bread—the late 19th and early 20th centuries saw a growing incorporation of fresh fish, local cheeses, and seasonal vegetables.

Thanks to the Basque Country's rich coastline and strong fishing traditions, fresh seafood became increasingly central to the pintxo experience. Anchovies, cod (particularly in its salted form—bacalao), mussels, and tuna were now being used in simple preparations that celebrated the quality of the ingredients. At the same time, artisan cheeses, especially from the inland mountainous areas—such as Idiazabal—began to appear in bar offerings, sliced or melted atop bread.

Vegetables also gained prominence, with items like roasted red peppers, pickled guindilla peppers, artichokes, and olives adding both color and flavor variety. This period marked a subtle but meaningful elevation in the complexity and richness of pintxos, blending rustic tradition with regional bounty.

As more bars embraced these flavorful combinations, the practice of offering pintxos became not just a way to satisfy hunger between drinks, but a true celebration of Basque terroir and culinary identity. The foundations were being laid for a future in which pintxos would not only be cultural staples but also vehicles for culinary artistry.

",https://upload.wikimedia.org/wikipedia/commons/6/6e/Pintxos_variety.jpg,Wikimedia Commons,Variety of pintxos,,,,,
1920,1,,,1950,,,,,Pintxos in Basque Culture,"Entre 1920 y 1950, los pintxos comenzaron a consolidarse no solo como una tradición culinaria, sino como un símbolo de identidad vasca profundamente arraigado en la vida social y cultural de la región. En un contexto de cambios sociales, tensiones políticas y crisis económicas, las tabernas y bares del País Vasco se convirtieron en lugares de encuentro donde la comunidad podía reunirse, conversar, compartir y mantener vivas sus costumbres.

Durante estos años, el pintxo trascendió su papel de simple acompañamiento para bebidas. Se convirtió en una expresión cotidiana de resistencia cultural, especialmente durante los primeros años del franquismo (a partir de 1939), cuando muchas expresiones de identidad regional fueron reprimidas. A pesar de la censura y las restricciones, los bares siguieron siendo espacios semi-libres donde los vascos podían mantener su lengua, su cocina y su sentido de comunidad.

Los txokos (sociedades gastronómicas privadas) también jugaron un papel crucial en este periodo. En ellos, los hombres se reunían para cocinar, comer y preservar recetas tradicionales. Los pintxos eran frecuentes en estos encuentros, y a menudo servían como el primer paso en una comida colectiva o como una muestra de creatividad culinaria dentro del grupo.

Durante esta etapa, el acto de compartir pintxos adquirió un significado más profundo: era una forma de afirmar la identidad vasca frente a la homogeneización cultural. Así, el pintxo se consolidó no solo como una delicia gastronómica, sino como un ritual social que celebraba la pertenencia, la hospitalidad y la tradición.

",https://upload.wikimedia.org/wikipedia/commons/0/0b/San_Sebastian_pintxos_modern.jpg,Wikimedia Commons,Modern pintxos,,,,,
1950,1,,,1975,,,,,Rise of Gastronomy Movement,"1950–1975: De la Barra a la Alta Cocina – El Pintxo como Delicia Gastronómica
Durante las décadas de 1950 a 1975, los pintxos comenzaron a experimentar una transformación significativa, influenciada en gran parte por el auge de la cocina vasca y el surgimiento de una nueva generación de cocineros apasionados por elevar la tradición culinaria local. Aunque los pintxos seguían formando parte del entorno informal de bares y tabernas, empezaron a dejar atrás su papel meramente funcional para convertirse en creaciones cada vez más elaboradas y refinadas.

En estos años, los chefs vascos empezaron a reinterpretar recetas tradicionales con técnicas más sofisticadas, inspirándose en la gastronomía francesa y otras corrientes europeas. Si bien aún no se hablaba formalmente de ""alta cocina en miniatura"", muchos bares comenzaron a ofrecer pintxos que, aunque pequeños en tamaño, destacaban por su sabor, presentación y complejidad.

Ingredientes como el foie gras, el bacalao al pil-pil, o los pimientos del piquillo rellenos empezaron a aparecer con mayor frecuencia, muchas veces presentados con un toque de creatividad. Este cambio fue especialmente visible en ciudades como San Sebastián, que para entonces ya mostraba señales de convertirse en un epicentro culinario de prestigio internacional.

Al mismo tiempo, el pintxo mantuvo su conexión con el pueblo y con la tradición. Era una muestra clara de cómo la cultura popular y la alta cocina podían convivir, compartiendo valores como el respeto por el producto local, la innovación y la celebración del acto de comer en comunidad.

Este período sentó las bases para el gran boom gastronómico que llegaría en las décadas siguientes, donde los pintxos dejarían de ser vistos como simples acompañamientos y pasarían a considerarse una forma legítima de expresión culinaria gourmet, tan sofisticada como cualquier plato de restaurante.

",https://upload.wikimedia.org/wikipedia/commons/f/f3/Tourists_in_San_Sebastian.jpg,Wikimedia Commons,Pintxos attract tourists,,,,,
1975,1,,,1990,,,,,Pintxos Tourism Develops,"The period from 1975 to 1990 marked a turning point for pintxos, as San Sebastián (Donostia) began to earn international recognition as a gastronomic hotspot. This era coincided with Spain’s transition to democracy following the death of Franco in 1975, which brought renewed cultural freedom and economic growth, allowing the Basque culinary scene to flourish.

During these years, San Sebastián’s vibrant bar scene transformed into a magnet for food lovers and tourists eager to experience the unique tradition of pintxos. The city’s narrow streets became a living culinary theater, where visitors could hop from one pintxo bar to another, tasting an extraordinary variety of innovative and traditional bites.

This period saw the rise of pioneering chefs and bar owners who pushed the boundaries of pintxo preparation. Influenced by the New Basque Cuisine movement, which emphasized creativity, fresh local ingredients, and modern cooking techniques, pintxos evolved into miniature works of art, balancing tradition and innovation.

Culinary tours focusing on pintxos began to develop, attracting international gourmets and journalists who spread the word about San Sebastián’s rich food culture. Bars like Bar Nestor, La Cuchara de San Telmo, and Bar Zeruko became legendary for their inventive pintxos, setting standards for quality and presentation that would inspire the global tapas movement.

By the late 1980s, San Sebastián was firmly established as a world-renowned culinary destination, and pintxos had transformed from simple bar snacks into a celebrated gastronomic experience. This newfound fame laid the groundwork for the global influence and prestige that Basque pintxos enjoy today.

",https://upload.wikimedia.org/wikipedia/commons/7/7b/Modern_Pintxos.jpg,Wikimedia Commons,"Creative, modern pintxos",,,,,
1990,1,,,2005,,,,,Modern Innovations," pintxos entered a groundbreaking phase fueled by the avant-garde culinary revolution sweeping through the Basque Country. Inspired by visionary chefs such as Juan Mari Arzak, Andoni Luis Aduriz, and others at the forefront of the New Basque Cuisine, pintxos began to incorporate cutting-edge cooking techniques like molecular gastronomy, spherification, and foams.

This period saw pintxos evolve from traditional bar snacks into miniature masterpieces of flavor, texture, and presentation. Chefs experimented boldly, combining local Basque ingredients with global influences, including Asian, Mediterranean, and Latin American culinary traditions. The result was a dynamic fusion that pushed the boundaries of what pintxos could be.

Popular pintxos from this era included deconstructed dishes, surprising flavor pairings, and playful textures, all presented in visually stunning ways on small slices of bread or elegant serving dishes. Bars and restaurants began to compete not just on taste but on creativity and innovation, turning pintxos into a serious form of haute cuisine.

This decade solidified San Sebastián’s reputation as a world leader in culinary innovation, attracting chefs and food enthusiasts worldwide. Pintxos became synonymous with both tradition and modernity, inspiring a new generation of chefs to view these small bites as a canvas for artistic expression.",https://upload.wikimedia.org/wikipedia/commons/3/3a/Pintxos_Gourmet.jpg,Wikimedia Commons,Gourmet pintxos,,,,,
2005,1,,,2020,,,,,Digital and Social Media Era,"Between 2005 and 2020, pintxos culture experienced a major boost in global visibility and popularity thanks to the rise of blogs, Instagram, and social media platforms. As food lovers around the world gained greater access to travel and digital content, pintxos—once a mostly local Basque tradition—became a viral sensation and an aspirational culinary experience for millions.

Food bloggers and influencers flocked to San Sebastián, Bilbao, and other Basque cities to share vibrant photos and stories of their pintxo bar crawls, highlighting the variety, creativity, and artistry behind these small bites. Instagram, with its visual focus, was especially powerful for showcasing the colorful and beautifully presented pintxos, sparking worldwide curiosity and desire to try them.

Social media campaigns by tourism boards and local businesses helped position the Basque Country as a must-visit gastronomic destination, driving an influx of international visitors eager to explore pintxos culture firsthand. Online communities and forums buzzed with recommendations for the best pintxo bars and must-try dishes, further fueling global interest.

This digital era also fostered innovation and competition among pintxo bars, as chefs sought to create visually stunning and photogenic pintxos that would captivate social media audiences. The fusion of tradition and modern trends became a hallmark, ensuring pintxos remained both authentic and relevant.

By 2020, pintxos had firmly established themselves as a global culinary icon, celebrated not only in Spain but in restaurants and tapas bars worldwide, thanks in large part to the power of digital media.",https://upload.wikimedia.org/wikipedia/commons/d/d7/Social_Media_Icons.png,Wikimedia Commons,Social media promotion imagery,,,,,
2020,1,,,Present,,,,,Current Era,"Pintxos remain a vital part of Basque gastronomy and culture, continuously evolving with new creative chefs and global influences.",https://upload.wikimedia.org/wikipedia/commons/2/24/Modern_Pintxos_Platter.jpg,Wikimedia Commons,Contemporary pintxos platter,,,,,
2025,4,10,,2025,4,25,,,Erasmus Students Discover,"Erasmus students engage with Basque culture through pintxos via your social media dissemination plan, promoting cultural exchange and appreciation.",https://upload.wikimedia.org/wikipedia/commons/0/08/Social_media_campaign_2025.jpg,Wikimedia Commons,Social media campaign for Erasmus,,,,,